<?xml version="1.0" encoding="UTF-8"?><wfs:FeatureCollection xmlns:wfs="http://www.opengis.net/wfs/2.0" xmlns:opengeogroep="http://www.opengeogroep.nl" xmlns:xsi="http://www.w3.org/2001/XMLSchema-instance" xmlns:dbk="http://www.nvbr.nl/IMDBK" xmlns:gml="http://www.opengis.net/gml/3.2" numberMatched="unknown" numberReturned="1" timeStamp="2013-08-27T18:40:44.356Z" xsi:schemaLocation="http://www.nvbr.nl/IMDBK file:/home/gs_data/workspaces/dbk/dbk.xsd http://www.opengis.net/gml/3.2 http://geo.safetymaps.nl:80/geoserver/schemas/gml/3.2.1/gml.xsd http://www.opengis.net/wfs/2.0 http://geo.safetymaps.nl:80/geoserver/schemas/wfs/2.0/wfs.xsd"><wfs:member><dbk:DBKObject gml:id="DBKObject.1371547912"><dbk:toegangTerrein><dbk:ToegangTerrein gml:id="ToegangTerrein.408"><gml:boundedBy><gml:Envelope srsDimension="2" srsName="http://www.opengis.net/gml/srs/epsg.xml#28992"><gml:lowerCorner>147121.8 412491.7</gml:lowerCorner><gml:upperCorner>147718.0 412832.9</gml:upperCorner></gml:Envelope></gml:boundedBy><dbk:geometrie><gml:MultiCurve srsDimension="2" srsName="http://www.opengis.net/gml/srs/epsg.xml#28992"><gml:curveMember><gml:LineString srsDimension="2"><gml:posList>147718.0 412832.9 147619.3 412811.7 147534.3 412787.9 147489.3 412785.4 147391.8 412767.9 147346.8 412757.9 147340.5 412756.7 147320.5 412752.9 147294.3 412740.4 147246.8 412697.9 147129.3 412577.9 147121.8 412562.9 147161.8 412535.4 147190.5 412516.7 147208.0 412510.4 147231.8 412491.7</gml:posList></gml:LineString></gml:curveMember></gml:MultiCurve></dbk:geometrie><dbk:primair>false</dbk:primair><dbk:naamRoute>Zandzuigerstraat</dbk:naamRoute><dbk:aanvullendeInformatie>2e TS</dbk:aanvullendeInformatie></dbk:ToegangTerrein></dbk:toegangTerrein><dbk:toegangTerrein><dbk:ToegangTerrein gml:id="ToegangTerrein.409"><gml:boundedBy><gml:Envelope srsDimension="2" srsName="http://www.opengis.net/gml/srs/epsg.xml#28992"><gml:lowerCorner>147246.8 412091.7</gml:lowerCorner><gml:upperCorner>147765.5 412466.7</gml:upperCorner></gml:Envelope></gml:boundedBy><dbk:geometrie><gml:MultiCurve srsDimension="2" srsName="http://www.opengis.net/gml/srs/epsg.xml#28992"><gml:curveMember><gml:LineString srsDimension="2"><gml:posList>147765.5 412091.7 147279.3 412459.2 147269.3 412466.7 147246.8 412434.2</gml:posList></gml:LineString></gml:curveMember></gml:MultiCurve></dbk:geometrie><dbk:primair>true</dbk:primair><dbk:naamRoute>Rietveldenweg</dbk:naamRoute><dbk:aanvullendeInformatie>1e TS</dbk:aanvullendeInformatie></dbk:ToegangTerrein></dbk:toegangTerrein><dbk:tekstObject><dbk:TekstObject gml:id="TekstObject.1592"><gml:boundedBy><gml:Envelope srsDimension="2" srsName="http://www.opengis.net/gml/srs/epsg.xml#28992"><gml:lowerCorner>147219.0 412438.7</gml:lowerCorner><gml:upperCorner>147219.0 412438.7</gml:upperCorner></gml:Envelope></gml:boundedBy><dbk:tekst>Trap</dbk:tekst><dbk:absolutePositie><gml:Point srsDimension="2" srsName="http://www.opengis.net/gml/srs/epsg.xml#28992"><gml:pos>147219.0 412438.7</gml:pos></gml:Point></dbk:absolutePositie><dbk:hoek>0.0</dbk:hoek></dbk:TekstObject></dbk:tekstObject><dbk:tekstObject><dbk:TekstObject gml:id="TekstObject.1593"><gml:boundedBy><gml:Envelope srsDimension="2" srsName="http://www.opengis.net/gml/srs/epsg.xml#28992"><gml:lowerCorner>147178.6 412459.5</gml:lowerCorner><gml:upperCorner>147178.6 412459.5</gml:upperCorner></gml:Envelope></gml:boundedBy><dbk:tekst>Trap</dbk:tekst><dbk:absolutePositie><gml:Point srsDimension="2" srsName="http://www.opengis.net/gml/srs/epsg.xml#28992"><gml:pos>147178.6 412459.5</gml:pos></gml:Point></dbk:absolutePositie><dbk:hoek>0.0</dbk:hoek></dbk:TekstObject></dbk:tekstObject><dbk:tekstObject><dbk:TekstObject gml:id="TekstObject.1594"><gml:boundedBy><gml:Envelope srsDimension="2" srsName="http://www.opengis.net/gml/srs/epsg.xml#28992"><gml:lowerCorner>147205.3 412441.2</gml:lowerCorner><gml:upperCorner>147205.3 412441.2</gml:upperCorner></gml:Envelope></gml:boundedBy><dbk:tekst>Trap</dbk:tekst><dbk:absolutePositie><gml:Point srsDimension="2" srsName="http://www.opengis.net/gml/srs/epsg.xml#28992"><gml:pos>147205.3 412441.2</gml:pos></gml:Point></dbk:absolutePositie><dbk:hoek>0.0</dbk:hoek></dbk:TekstObject></dbk:tekstObject><dbk:brandweervoorziening><dbk:Brandweervoorziening gml:id="Brandweervoorziening.4309"><gml:boundedBy><gml:Envelope srsDimension="2" srsName="http://www.opengis.net/gml/srs/epsg.xml#28992"><gml:lowerCorner>147221.4 412447.5</gml:lowerCorner><gml:upperCorner>147221.4 412447.5</gml:upperCorner></gml:Envelope></gml:boundedBy><dbk:locatie><gml:Point srsDimension="2" srsName="http://www.opengis.net/gml/srs/epsg.xml#28992"><gml:pos>147221.4 412447.5</gml:pos></gml:Point></dbk:locatie><dbk:typeVoorziening>Tb1.004</dbk:typeVoorziening><dbk:symboolPlaatsing><dbk:SymboolOfLabelpositie><dbk:absolutePositie><gml:Point srsDimension="2" srsName="http://www.opengis.net/gml/srs/epsg.xml#28992"><gml:pos>147221.4 412447.5</gml:pos></gml:Point></dbk:absolutePositie><dbk:symboolschaal>1</dbk:symboolschaal><dbk:hoek>0.0</dbk:hoek></dbk:SymboolOfLabelpositie></dbk:symboolPlaatsing></dbk:Brandweervoorziening></dbk:brandweervoorziening><dbk:brandweervoorziening><dbk:Brandweervoorziening gml:id="Brandweervoorziening.4310"><gml:boundedBy><gml:Envelope srsDimension="2" srsName="http://www.opengis.net/gml/srs/epsg.xml#28992"><gml:lowerCorner>147248.6 412443.2</gml:lowerCorner><gml:upperCorner>147248.6 412443.2</gml:upperCorner></gml:Envelope></gml:boundedBy><dbk:locatie><gml:Point srsDimension="2" srsName="http://www.opengis.net/gml/srs/epsg.xml#28992"><gml:pos>147248.6 412443.2</gml:pos></gml:Point></dbk:locatie><dbk:typeVoorziening>Tb1.003</dbk:typeVoorziening><dbk:symboolPlaatsing><dbk:SymboolOfLabelpositie><dbk:absolutePositie><gml:Point srsDimension="2" srsName="http://www.opengis.net/gml/srs/epsg.xml#28992"><gml:pos>147248.6 412443.2</gml:pos></gml:Point></dbk:absolutePositie><dbk:symboolschaal>1</dbk:symboolschaal><dbk:hoek>0.0</dbk:hoek></dbk:SymboolOfLabelpositie></dbk:symboolPlaatsing></dbk:Brandweervoorziening></dbk:brandweervoorziening><dbk:brandweervoorziening><dbk:Brandweervoorziening gml:id="Brandweervoorziening.4311"><gml:boundedBy><gml:Envelope srsDimension="2" srsName="http://www.opengis.net/gml/srs/epsg.xml#28992"><gml:lowerCorner>147221.9 412454.4</gml:lowerCorner><gml:upperCorner>147221.9 412454.4</gml:upperCorner></gml:Envelope></gml:boundedBy><dbk:locatie><gml:Point srsDimension="2" srsName="http://www.opengis.net/gml/srs/epsg.xml#28992"><gml:pos>147221.9 412454.4</gml:pos></gml:Point></dbk:locatie><dbk:typeVoorziening>Tb1.001</dbk:typeVoorziening><dbk:symboolPlaatsing><dbk:SymboolOfLabelpositie><dbk:absolutePositie><gml:Point srsDimension="2" srsName="http://www.opengis.net/gml/srs/epsg.xml#28992"><gml:pos>147221.9 412454.4</gml:pos></gml:Point></dbk:absolutePositie><dbk:symboolschaal>1</dbk:symboolschaal><dbk:hoek>234.0</dbk:hoek></dbk:SymboolOfLabelpositie></dbk:symboolPlaatsing><dbk:aanvullendeInformatie>Rieveldenweg</dbk:aanvullendeInformatie></dbk:Brandweervoorziening></dbk:brandweervoorziening><dbk:brandweervoorziening><dbk:Brandweervoorziening gml:id="Brandweervoorziening.4312"><gml:boundedBy><gml:Envelope srsDimension="2" srsName="http://www.opengis.net/gml/srs/epsg.xml#28992"><gml:lowerCorner>147139.3 412411.9</gml:lowerCorner><gml:upperCorner>147139.3 412411.9</gml:upperCorner></gml:Envelope></gml:boundedBy><dbk:locatie><gml:Point srsDimension="2" srsName="http://www.opengis.net/gml/srs/epsg.xml#28992"><gml:pos>147139.3 412411.9</gml:pos></gml:Point></dbk:locatie><dbk:typeVoorziening>Tb1.002</dbk:typeVoorziening><dbk:symboolPlaatsing><dbk:SymboolOfLabelpositie><dbk:absolutePositie><gml:Point srsDimension="2" srsName="http://www.opengis.net/gml/srs/epsg.xml#28992"><gml:pos>147139.3 412411.9</gml:pos></gml:Point></dbk:absolutePositie><dbk:symboolschaal>1</dbk:symboolschaal><dbk:hoek>53.0</dbk:hoek></dbk:SymboolOfLabelpositie></dbk:symboolPlaatsing></dbk:Brandweervoorziening></dbk:brandweervoorziening><dbk:brandweervoorziening><dbk:Brandweervoorziening gml:id="Brandweervoorziening.4313"><gml:boundedBy><gml:Envelope srsDimension="2" srsName="http://www.opengis.net/gml/srs/epsg.xml#28992"><gml:lowerCorner>147137.9 412423.7</gml:lowerCorner><gml:upperCorner>147137.9 412423.7</gml:upperCorner></gml:Envelope></gml:boundedBy><dbk:locatie><gml:Point srsDimension="2" srsName="http://www.opengis.net/gml/srs/epsg.xml#28992"><gml:pos>147137.9 412423.7</gml:pos></gml:Point></dbk:locatie><dbk:typeVoorziening>Tb1.002</dbk:typeVoorziening><dbk:symboolPlaatsing><dbk:SymboolOfLabelpositie><dbk:absolutePositie><gml:Point srsDimension="2" srsName="http://www.opengis.net/gml/srs/epsg.xml#28992"><gml:pos>147137.9 412423.7</gml:pos></gml:Point></dbk:absolutePositie><dbk:symboolschaal>1</dbk:symboolschaal><dbk:hoek>326.0</dbk:hoek></dbk:SymboolOfLabelpositie></dbk:symboolPlaatsing></dbk:Brandweervoorziening></dbk:brandweervoorziening><dbk:brandweervoorziening><dbk:Brandweervoorziening gml:id="Brandweervoorziening.4314"><gml:boundedBy><gml:Envelope srsDimension="2" srsName="http://www.opengis.net/gml/srs/epsg.xml#28992"><gml:lowerCorner>147176.0 412473.0</gml:lowerCorner><gml:upperCorner>147176.0 412473.0</gml:upperCorner></gml:Envelope></gml:boundedBy><dbk:locatie><gml:Point srsDimension="2" srsName="http://www.opengis.net/gml/srs/epsg.xml#28992"><gml:pos>147176.0 412473.0</gml:pos></gml:Point></dbk:locatie><dbk:typeVoorziening>Tb1.002</dbk:typeVoorziening><dbk:symboolPlaatsing><dbk:SymboolOfLabelpositie><dbk:absolutePositie><gml:Point srsDimension="2" srsName="http://www.opengis.net/gml/srs/epsg.xml#28992"><gml:pos>147176.0 412473.0</gml:pos></gml:Point></dbk:absolutePositie><dbk:symboolschaal>1</dbk:symboolschaal><dbk:hoek>225.0</dbk:hoek></dbk:SymboolOfLabelpositie></dbk:symboolPlaatsing></dbk:Brandweervoorziening></dbk:brandweervoorziening><dbk:brandweervoorziening><dbk:Brandweervoorziening gml:id="Brandweervoorziening.4315"><gml:boundedBy><gml:Envelope srsDimension="2" srsName="http://www.opengis.net/gml/srs/epsg.xml#28992"><gml:lowerCorner>147186.2 412357.8</gml:lowerCorner><gml:upperCorner>147186.2 412357.8</gml:upperCorner></gml:Envelope></gml:boundedBy><dbk:locatie><gml:Point srsDimension="2" srsName="http://www.opengis.net/gml/srs/epsg.xml#28992"><gml:pos>147186.2 412357.8</gml:pos></gml:Point></dbk:locatie><dbk:typeVoorziening>Tb1.002</dbk:typeVoorziening><dbk:symboolPlaatsing><dbk:SymboolOfLabelpositie><dbk:absolutePositie><gml:Point srsDimension="2" srsName="http://www.opengis.net/gml/srs/epsg.xml#28992"><gml:pos>147186.2 412357.8</gml:pos></gml:Point></dbk:absolutePositie><dbk:symboolschaal>1</dbk:symboolschaal><dbk:hoek>135.0</dbk:hoek></dbk:SymboolOfLabelpositie></dbk:symboolPlaatsing><dbk:aanvullendeInformatie>Pomphoekweg</dbk:aanvullendeInformatie></dbk:Brandweervoorziening></dbk:brandweervoorziening><dbk:brandweervoorziening><dbk:Brandweervoorziening gml:id="Brandweervoorziening.4316"><gml:boundedBy><gml:Envelope srsDimension="2" srsName="http://www.opengis.net/gml/srs/epsg.xml#28992"><gml:lowerCorner>147243.9 412431.0</gml:lowerCorner><gml:upperCorner>147243.9 412431.0</gml:upperCorner></gml:Envelope></gml:boundedBy><dbk:locatie><gml:Point srsDimension="2" srsName="http://www.opengis.net/gml/srs/epsg.xml#28992"><gml:pos>147243.9 412431.0</gml:pos></gml:Point></dbk:locatie><dbk:typeVoorziening>Tb1.008</dbk:typeVoorziening><dbk:symboolPlaatsing><dbk:SymboolOfLabelpositie><dbk:absolutePositie><gml:Point srsDimension="2" srsName="http://www.opengis.net/gml/srs/epsg.xml#28992"><gml:pos>147243.9 412431.0</gml:pos></gml:Point></dbk:absolutePositie><dbk:symboolschaal>1</dbk:symboolschaal><dbk:hoek>225.0</dbk:hoek></dbk:SymboolOfLabelpositie></dbk:symboolPlaatsing></dbk:Brandweervoorziening></dbk:brandweervoorziening><dbk:brandweervoorziening><dbk:Brandweervoorziening gml:id="Brandweervoorziening.4317"><gml:boundedBy><gml:Envelope srsDimension="2" srsName="http://www.opengis.net/gml/srs/epsg.xml#28992"><gml:lowerCorner>147236.2 412489.4</gml:lowerCorner><gml:upperCorner>147236.2 412489.4</gml:upperCorner></gml:Envelope></gml:boundedBy><dbk:locatie><gml:Point srsDimension="2" srsName="http://www.opengis.net/gml/srs/epsg.xml#28992"><gml:pos>147236.2 412489.4</gml:pos></gml:Point></dbk:locatie><dbk:typeVoorziening>Tb1009</dbk:typeVoorziening><dbk:symboolPlaatsing><dbk:SymboolOfLabelpositie><dbk:absolutePositie><gml:Point srsDimension="2" srsName="http://www.opengis.net/gml/srs/epsg.xml#28992"><gml:pos>147236.2 412489.4</gml:pos></gml:Point></dbk:absolutePositie><dbk:symboolschaal>1</dbk:symboolschaal><dbk:hoek>315.0</dbk:hoek></dbk:SymboolOfLabelpositie></dbk:symboolPlaatsing></dbk:Brandweervoorziening></dbk:brandweervoorziening><dbk:brandweervoorziening><dbk:Brandweervoorziening gml:id="Brandweervoorziening.4318"><gml:boundedBy><gml:Envelope srsDimension="2" srsName="http://www.opengis.net/gml/srs/epsg.xml#28992"><gml:lowerCorner>147174.6 412469.4</gml:lowerCorner><gml:upperCorner>147174.6 412469.4</gml:upperCorner></gml:Envelope></gml:boundedBy><dbk:locatie><gml:Point srsDimension="2" srsName="http://www.opengis.net/gml/srs/epsg.xml#28992"><gml:pos>147174.6 412469.4</gml:pos></gml:Point></dbk:locatie><dbk:typeVoorziening>Tb2.003</dbk:typeVoorziening><dbk:symboolPlaatsing><dbk:SymboolOfLabelpositie><dbk:absolutePositie><gml:Point srsDimension="2" srsName="http://www.opengis.net/gml/srs/epsg.xml#28992"><gml:pos>147174.6 412469.4</gml:pos></gml:Point></dbk:absolutePositie><dbk:symboolschaal>1</dbk:symboolschaal><dbk:hoek>0.0</dbk:hoek></dbk:SymboolOfLabelpositie></dbk:symboolPlaatsing></dbk:Brandweervoorziening></dbk:brandweervoorziening><dbk:identificatie><dbk:NEN3610ID><dbk:namespace>NL.BN.DBKObject</dbk:namespace><dbk:lokaalID>1371547912</dbk:lokaalID><dbk:versie>2.1</dbk:versie></dbk:NEN3610ID></dbk:identificatie><dbk:BHVAanwezig>true</dbk:BHVAanwezig><dbk:bijzonderheid><dbk:Bijzonderheid gml:id="Bijzonderheid.fid--68aa7856_140c1108d7d_-f43"><dbk:tekst>Geografisch paneel bij binnenkomst aan linkerzijde voorbij tochtsluis</dbk:tekst><dbk:soort>Algemeen</dbk:soort><dbk:volgnummer>1</dbk:volgnummer></dbk:Bijzonderheid></dbk:bijzonderheid><dbk:bijzonderheid><dbk:Bijzonderheid gml:id="Bijzonderheid.fid--68aa7856_140c1108d7d_-f2d"><dbk:tekst>Totaal detectie d.m.v. rook- en thermodifferentiaalmelder</dbk:tekst><dbk:soort>Algemeen</dbk:soort><dbk:volgnummer>2</dbk:volgnummer></dbk:Bijzonderheid></dbk:bijzonderheid><dbk:bijzonderheid><dbk:Bijzonderheid gml:id="Bijzonderheid.fid--68aa7856_140c1108d7d_-f2c"><dbk:tekst>Bijtende stoffen, zuren en basen. Licht ontvlambare stoffen aanwezig</dbk:tekst><dbk:soort>Repressie</dbk:soort><dbk:volgnummer>1</dbk:volgnummer></dbk:Bijzonderheid></dbk:bijzonderheid><dbk:bijzonderheid><dbk:Bijzonderheid gml:id="Bijzonderheid.fid--68aa7856_140c1108d7d_-f2b"><dbk:tekst>Brandwerende scheidingen tussen magazijnen van 75 minuten.</dbk:tekst><dbk:soort>Preventie</dbk:soort><dbk:volgnummer>1</dbk:volgnummer></dbk:Bijzonderheid></dbk:bijzonderheid><dbk:formeleNaam>Pomphoekweg 1, HT</dbk:formeleNaam><dbk:informeleNaam>Alliance Healthcare</dbk:informeleNaam><dbk:verblijf><dbk:AantalPersonen><dbk:typeAanwezigheidsgroep>personeel</dbk:typeAanwezigheidsgroep><dbk:aantal>120</dbk:aantal><dbk:tijdvakBegintijd>08:00:00Z</dbk:tijdvakBegintijd><dbk:tijdvakEindtijd>16:00:00Z</dbk:tijdvakEindtijd></dbk:AantalPersonen></dbk:verblijf><dbk:verblijf><dbk:AantalPersonen><dbk:typeAanwezigheidsgroep>bezoekers</dbk:typeAanwezigheidsgroep><dbk:aantal>40</dbk:aantal><dbk:tijdvakBegintijd>16:00:00Z</dbk:tijdvakBegintijd><dbk:tijdvakEindtijd>23:00:00Z</dbk:tijdvakEindtijd></dbk:AantalPersonen></dbk:verblijf><dbk:foto><dbk:Foto><dbk:naam>Rieveldenweg</dbk:naam><dbk:URL>http://geo.safetymaps.nl/images/brabantnoord/1371547912_A.jpg</dbk:URL></dbk:Foto></dbk:foto><dbk:foto><dbk:Foto><dbk:naam>Pomphoekweg</dbk:naam><dbk:URL>http://geo.safetymaps.nl/images/brabantnoord/1371547912_B.jpg</dbk:URL></dbk:Foto></dbk:foto><dbk:pandgeometrie><dbk:Pandgeometrie gml:id="Pandgeometrie.1564"><gml:boundedBy><gml:Envelope srsDimension="2" srsName="http://www.opengis.net/gml/srs/epsg.xml#28992"><gml:lowerCorner>147154.8 412389.3</gml:lowerCorner><gml:upperCorner>147167.4 412400.5</gml:upperCorner></gml:Envelope></gml:boundedBy><dbk:geometrie><gml:Polygon srsDimension="2" srsName="http://www.opengis.net/gml/srs/epsg.xml#28992"><gml:exterior><gml:LinearRing><gml:posList>147157.9 412400.5 147154.8 412396.5 147164.4 412389.3 147167.4 412393.3 147157.9 412400.5</gml:posList></gml:LinearRing></gml:exterior></gml:Polygon></dbk:geometrie><dbk:bagStatus>kopie</dbk:bagStatus><dbk:bagId><dbk:NEN3610ID><dbk:namespace>NL.BAG.Pand</dbk:namespace><dbk:lokaalID>0796100000256975</dbk:lokaalID><dbk:versie>2012</dbk:versie></dbk:NEN3610ID></dbk:bagId></dbk:Pandgeometrie></dbk:pandgeometrie><dbk:pandgeometrie><dbk:Pandgeometrie gml:id="Pandgeometrie.1565"><gml:boundedBy><gml:Envelope srsDimension="2" srsName="http://www.opengis.net/gml/srs/epsg.xml#28992"><gml:lowerCorner>147136.4 412378.0</gml:lowerCorner><gml:upperCorner>147236.0 412480.2</gml:upperCorner></gml:Envelope></gml:boundedBy><dbk:geometrie><gml:Polygon srsDimension="2" srsName="http://www.opengis.net/gml/srs/epsg.xml#28992"><gml:exterior><gml:LinearRing><gml:posList>147173.7 412472.7 147148.7 412439.7 147151.6 412437.6 147136.4 412417.6 147188.5 412378.0 147236.0 412440.6 147183.7 412480.2 147181.1 412476.8 147176.4 412470.6 147173.7 412472.7</gml:posList></gml:LinearRing></gml:exterior></gml:Polygon></dbk:geometrie><dbk:bagStatus>kopie</dbk:bagStatus><dbk:bagId><dbk:NEN3610ID><dbk:namespace>NL.BAG.Pand</dbk:namespace><dbk:lokaalID>0796100000207791</dbk:lokaalID><dbk:versie>2012</dbk:versie></dbk:NEN3610ID></dbk:bagId></dbk:Pandgeometrie></dbk:pandgeometrie><dbk:adres><dbk:Adres><dbk:openbareRuimteNaam>Pomphoekweg</dbk:openbareRuimteNaam><dbk:bagId><dbk:NEN3610ID><dbk:namespace>NL.BAG.Adres</dbk:namespace><dbk:lokaalID>1371548380</dbk:lokaalID><dbk:versie>2012</dbk:versie></dbk:NEN3610ID></dbk:bagId><dbk:huisnummer>1</dbk:huisnummer><dbk:woonplaatsNaam>'s-Hertogenbosch</dbk:woonplaatsNaam><dbk:postcode>5222BE</dbk:postcode></dbk:Adres></dbk:adres><dbk:hoogsteBouwlaag>2</dbk:hoogsteBouwlaag><dbk:OMSnummer>2908</dbk:OMSnummer><dbk:gebruikstype>Industriefunctie</dbk:gebruikstype></dbk:DBKObject></wfs:member></wfs:FeatureCollection>