{
    "type": "regiocollectie",
    "regios": [{
            "id": "avdict",
            "titel": "Falck AVD",
            "omschrijving": "Testomgeving Falck AVD",
            "safetymaps_url": "/geoserver/avdict/wms?",
            "gebied": {
                "geometry": {
                    "type": "Point",
                    "crs": {
                        "type": "name",
                        "properties": {
                            "name": "urn:ogc:def:crs:EPSG::28992"
                        }
                    },
                    "coordinates": [184648, 484420]
                },
                "zoom": 9
            }
        }, {
            "id": "vnog",
            "titel": "VNOG",
            "omschrijving": "Veiligheidsregio Noord-Oost Gelderland",
            "safetymaps_url": "/geoserver/vnog/wms?",
            "gebied": {
                "geometry": {
                    "type": "Point",
                    "crs": {
                        "type": "name",
                        "properties": {
                            "name": "urn:ogc:def:crs:EPSG::28992"
                        }
                    },
                    "coordinates": [182103, 484046]
                },
                "zoom": 4
            }
        }, {
            "id": "zeeland",
            "titel": "Zeeland",
            "omschrijving": "Veiligheidsregio Zeeland",
            "safetymaps_url": "/geoserver/zeeland/wms?",
            "gebied": {
                "geometry": {
                    "type": "Point",
                    "crs": {
                        "type": "name",
                        "properties": {
                            "name": "urn:ogc:def:crs:EPSG::28992"
                        }
                    },
                    "coordinates": [54117, 392314]
                },
                "zoom": 5
            }
        },
        {
            "id": "bn_a",
            "titel": "Testomgeving",
            "omschrijving": "Testomgeving",
            "safetymaps_url": "/geoserver/bn_a/wms?",
            "gebied": {
                "geometry": {
                    "type": "Point",
                    "crs": {
                        "type": "name",
                        "properties": {
                            "name": "urn:ogc:def:crs:EPSG::28992"
                        }
                    },
                    "coordinates": [121478, 400130]
                },
                "zoom": 5
            },
            "groepen":{
                "groep1":{
                    "titel":"Preventie"
                }
            }
        },
        {
            "id": "brabantnoord",
            "workspace": "dbk",
            "titel": "Brabant Noord",
            "omschrijving": "Veiligheidsregio Brabant Noord",
            "safetymaps_url": "/imdbk/wms?",
            "gebied": {
                "geometry": {
                    "type": "Point",
                    "crs": {
                        "type": "name",
                        "properties": {
                            "name": "urn:ogc:def:crs:EPSG::28992"
                        }
                    },
                    "coordinates": [149756, 411527]
                },
                "zoom": 5
            },
            "groepen":{
                "groep1":{
                    "titel":"Preventie"
                }
            }
        },
        {
            "id": "limburgnoord",
            "titel": "Limburg Noord",
            "omschrijving": "Veiligheidsregio Limburg Noord",
            "safetymaps_url": "/geoserver/limburgnoord/wms?",
            "gebied": {
                "geometry": {
                    "type": "Point",
                    "crs": {
                        "type": "name",
                        "properties": {
                            "name": "urn:ogc:def:crs:EPSG::28992"
                        }
                    },
                    "coordinates": [190378, 366942]
                },
                "zoom": 5
            }
        }]
}
